pid,gender,born,age,dead,lung_cancer,bowel_cancer,breast_cancer,prostate_cancer
1001000003,0,1967,43,1,0,0,0,0,0.403671637193,0.258509441923
1001000005,1,1954,56,1,0,0,0,0,0.470327002176,0.521754776681
1001000008,0,1959,51,1,0,0,0,1,0.4942666516,0.403783296169
